{"MainModel": {}, "AltModel": {"PICARD:": {"score": 43.881050879239176, "counts": [574, 363, 266, 180], "totals": [807, 725, 643, 561], "precisions": [71.1276332094176, 50.06896551724138, 41.368584758942454, 32.0855614973262], "bp": 0.941087919968355, "sys_len": 807, "ref_len": 856}, "TROI:": {"score": 36.31009809131384, "counts": [190, 99, 71, 49], "totals": [265, 244, 223, 202], "precisions": [71.69811320754717, 40.57377049180328, 31.838565022421523, 24.257425742574256], "bp": 0.9378634245555956, "sys_len": 265, "ref_len": 282}, "DATA:": {"score": 33.70456436034788, "counts": [442, 215, 149, 102], "totals": [637, 595, 553, 511], "precisions": [69.38775510204081, 36.134453781512605, 26.94394213381555, 19.96086105675147], "bp": 0.9890711476293599, "sys_len": 637, "ref_len": 644}, "RIKER:": {"score": 47.218250117309246, "counts": [306, 210, 158, 109], "totals": [420, 371, 322, 273], "precisions": [72.85714285714286, 56.60377358490566, 49.06832298136646, 39.92673992673993], "bp": 0.8856543121118926, "sys_len": 420, "ref_len": 471}}}
