{"MainModel": {"PICARD:": {"score": 82.64299542163256, "counts": [9614, 9327, 9221, 9120], "totals": [10636, 10536, 10436, 10336], "precisions": [90.3911244828883, 88.5250569476082, 88.35760827903411, 88.23529411764706], "bp": 0.9299004901644929, "sys_len": 10636, "ref_len": 11409}, "TROI:": {"score": 85.764653917867, "counts": [10228, 9975, 9873, 9772], "totals": [11261, 11161, 11061, 10961], "precisions": [90.82674718053458, 89.37371203297195, 89.25956061838893, 89.15244959401514], "bp": 0.9566552162511236, "sys_len": 11261, "ref_len": 11760}, "DATA:": {"score": 81.41713201222467, "counts": [8846, 8481, 8370, 8267], "totals": [10344, 10244, 10144, 10044], "precisions": [85.51817478731631, 82.78992581023037, 82.51182965299685, 82.30784547988848], "bp": 0.9777266613883477, "sys_len": 10344, "ref_len": 10577}, "RIKER:": {"score": 84.8477628947196, "counts": [8556, 8317, 8215, 8115], "totals": [9467, 9367, 9267, 9167], "precisions": [90.37709939790852, 88.79043450411018, 88.64789036365599, 88.52405367077561], "bp": 0.9524711430321822, "sys_len": 9467, "ref_len": 9928}}, "AltModel": {"PICARD:": {"score": 73.27044665675736, "counts": [1751, 1588, 1487, 1387], "totals": [2265, 2165, 2065, 1965], "precisions": [77.30684326710816, 73.34872979214781, 72.00968523002422, 70.5852417302799], "bp": 1.0, "sys_len": 2265, "ref_len": 1840}, "TROI:": {"score": 68.16893410112593, "counts": [1615, 1448, 1348, 1248], "totals": [2219, 2119, 2019, 1919], "precisions": [72.78053177106806, 68.3341198678622, 66.76572560673601, 65.03387180823346], "bp": 1.0, "sys_len": 2219, "ref_len": 1714}, "DATA:": {"score": 72.63906996044865, "counts": [1831, 1672, 1571, 1471], "totals": [2398, 2298, 2198, 2098], "precisions": [76.35529608006672, 72.75892080069626, 71.47406733393994, 70.11439466158247], "bp": 1.0, "sys_len": 2398, "ref_len": 1931}, "RIKER:": {"score": 72.23244043661902, "counts": [1626, 1468, 1368, 1268], "totals": [2128, 2028, 1928, 1828], "precisions": [76.40977443609023, 72.38658777120315, 70.95435684647303, 69.36542669584244], "bp": 1.0, "sys_len": 2128, "ref_len": 1737}}}